{ "lessons":[
  {
    "id": 1,
    "title": "French",
    "location": "London",
    "price": 100000,
    "image": "images/french.jpg",
    "space": 5,
    "availableSpace": 5
  },
  {
    "id": 2,
    "title": "English",
    "location": "East Blue",
    "price": 100000,
    "image": "images/english.jpg",
    "space": 5,
    "availableSpace": 5
  },
  {
    "id": 3,
    "title": "Spanish",
    "location": "California",
    "price": 100000,
    "image": "images/spanish.jpg",
    "space": 5,
    "availableSpace": 5
  },
  {
    "id": 4,
    "title": "Japanese",
    "location": "Raftel",
    "price": 100000,
    "image": "images/japanese.png",
    "space": 5,
    "availableSpace": 5
  },
  {
    "id": 5,
    "title": "Arabic",
    "location": "Shinganshina",
    "price": 100000,
    "image": "images/arabic.png",
    "space": 5,
    "availableSpace": 5
  },
  {
    "id": 6,
    "title": "Sudanese",
    "location": "Dubai",
    "price": 100000,
    "image": "images/sudan.jpg",
    "space": 5,
    "availableSpace": 5
  },
  {
    "id": 7,
    "title": "Math",
    "location": "Germany",
    "price": 100000,
    "image": "images/math.jpg",
    "space": 5,
    "availableSpace": 5
  },
  {
    "id": 8,
    "title": "Strategy",
    "location": "Spain",
    "price": 100000,
    "image": "images/strategy.jpg",
    "space": 5,
    "availableSpace": 5
  },
  {
    "id": 9,
    "title": "Busineess",
    "location": "New York",
    "price": 100000,
    "image": "images/business.jpg",
    "space": 5,
    "availableSpace": 5
  },
  {
    "id": 10,
    "title": "Social",
    "location": "Italy",
    "price": 100000,
    "image": "images/social.png",
    "space": 5,
    "availableSpace": 5
  },
  {
    "id": 11,
    "title": "Civic",
    "location": "Japan",
    "price": 100000,
    "image": "images/civic.jpg",
    "space": 5,
    "availableSpace": 5
  }
]
}